CustomerID,Gender,SeniorCitizen,Partner,Dependents,Tenure,PhoneService,MultipleLines,InternetService,Contract,PaperlessBilling,PaymentMethod,MonthlyCharges,TotalCharges,Churn
C00001,Male,0,No,Yes,46,No,No,No,Month-to-month,Yes,Electronic check,87.69,4033.74,Yes
C00002,Female,0,Yes,No,11,No,No,DSL,Two year,Yes,Bank transfer,103.79,1141.69,Yes
C00003,Male,0,Yes,No,61,Yes,No,DSL,Month-to-month,No,Bank transfer,105.88,6458.679999999999,Yes
C00004,Male,1,Yes,Yes,7,No,Yes,DSL,One year,Yes,Mailed check,94.84,663.88,No
C00005,Male,0,Yes,Yes,20,No,No phone service,DSL,Month-to-month,No,Bank transfer,63.92,1278.4,No
C00006,Female,0,Yes,Yes,69,Yes,No phone service,DSL,One year,Yes,Electronic check,81.05,5592.45,No
C00007,Male,1,No,No,71,Yes,Yes,DSL,Two year,No,Mailed check,36.04,2558.84,No
C00008,Male,0,Yes,No,24,Yes,No,Fiber optic,One year,Yes,Electronic check,87.36,2096.64,Yes
C00009,Male,1,No,No,11,No,Yes,DSL,Two year,No,Electronic check,37.93,417.23,Yes
C00010,Female,1,No,No,14,Yes,Yes,No,Month-to-month,No,Mailed check,89.39,1251.46,No
C00011,Male,0,Yes,Yes,58,No,Yes,Fiber optic,Two year,Yes,Bank transfer,42.96,2491.68,No
C00012,Male,1,Yes,Yes,25,No,No,DSL,Month-to-month,Yes,Electronic check,31.76,794.0,Yes
C00013,Male,0,No,Yes,25,Yes,Yes,No,Month-to-month,Yes,Electronic check,36.53,913.25,No
C00014,Male,1,Yes,Yes,46,Yes,No,Fiber optic,One year,Yes,Electronic check,20.2,929.1999999999999,No
C00015,Female,1,Yes,No,31,No,Yes,No,One year,No,Electronic check,91.87,2847.9700000000003,No
C00016,Male,0,No,No,9,Yes,No phone service,DSL,One year,Yes,Mailed check,93.24,839.16,Yes
C00017,Female,1,No,Yes,15,No,Yes,DSL,One year,No,Mailed check,71.49,1072.35,Yes
C00018,Female,1,Yes,Yes,70,Yes,Yes,DSL,Two year,Yes,Credit card,36.14,2529.8,No
C00019,Female,1,No,No,16,Yes,No phone service,DSL,Two year,No,Credit card,28.36,453.76,Yes
C00020,Male,1,Yes,Yes,22,Yes,No,Fiber optic,Two year,No,Electronic check,21.91,482.02,No
C00021,Female,1,Yes,No,25,No,No,Fiber optic,Month-to-month,No,Bank transfer,36.57,914.25,No
C00022,Male,0,Yes,Yes,6,Yes,Yes,No,Two year,No,Electronic check,109.09,654.54,Yes
C00023,Female,1,No,Yes,13,No,No phone service,DSL,Two year,Yes,Bank transfer,44.15,573.9499999999999,No
C00024,Female,0,No,Yes,6,No,No,No,Two year,Yes,Electronic check,55.43,332.58,No
C00025,Female,1,No,Yes,8,No,Yes,Fiber optic,One year,No,Credit card,30.53,244.24,Yes
C00026,Female,0,No,Yes,47,No,No phone service,DSL,Two year,Yes,Credit card,42.24,1985.2800000000002,No
C00027,Female,0,No,Yes,71,Yes,No,DSL,Month-to-month,Yes,Bank transfer,71.92,5106.32,No
C00028,Female,1,Yes,Yes,58,No,No,Fiber optic,One year,No,Electronic check,80.78,4685.24,No
C00029,Female,1,Yes,No,38,No,No phone service,Fiber optic,Month-to-month,Yes,Bank transfer,44.54,1692.52,Yes
C00030,Female,1,Yes,No,17,Yes,No phone service,Fiber optic,Two year,Yes,Credit card,25.77,438.09,No
C00031,Male,0,Yes,No,58,No,No phone service,Fiber optic,One year,Yes,Electronic check,59.1,3427.8,Yes
C00032,Male,1,No,No,16,Yes,No phone service,Fiber optic,Month-to-month,No,Electronic check,43.42,694.72,No
C00033,Female,0,Yes,No,13,No,Yes,DSL,Two year,Yes,Bank transfer,41.96,545.48,No
C00034,Female,0,No,Yes,30,Yes,No phone service,Fiber optic,Month-to-month,No,Mailed check,115.99,3479.7,No
C00035,Female,0,Yes,Yes,23,No,No,DSL,Month-to-month,Yes,Bank transfer,81.63,1877.4899999999998,No
C00036,Male,1,No,No,59,Yes,No,DSL,Month-to-month,Yes,Credit card,75.69,4465.71,Yes
C00037,Female,1,No,Yes,44,No,Yes,Fiber optic,Two year,Yes,Credit card,61.58,2709.52,Yes
C00038,Male,0,Yes,No,2,No,No,Fiber optic,Two year,No,Credit card,62.89,125.78,No
C00039,Male,0,Yes,No,36,Yes,No,DSL,Month-to-month,No,Credit card,74.09,2667.2400000000002,No
C00040,Male,1,Yes,Yes,42,Yes,No phone service,Fiber optic,One year,Yes,Credit card,89.64,3764.88,No
C00041,Male,0,Yes,Yes,39,Yes,No,Fiber optic,One year,No,Mailed check,90.21,3518.1899999999996,No
C00042,Male,1,No,Yes,54,Yes,Yes,Fiber optic,Two year,Yes,Electronic check,37.17,2007.18,No
C00043,Female,0,Yes,No,38,No,No phone service,No,Two year,No,Bank transfer,70.01,2660.38,No
C00044,Female,1,Yes,Yes,14,No,No phone service,DSL,Two year,No,Bank transfer,61.2,856.8000000000001,No
C00045,Female,0,No,No,3,Yes,Yes,No,Two year,Yes,Credit card,107.05,321.15,No
C00046,Female,1,Yes,No,24,No,No phone service,Fiber optic,Two year,Yes,Bank transfer,83.14,1995.3600000000001,Yes
C00047,Female,0,Yes,No,12,Yes,No phone service,No,One year,Yes,Credit card,73.25,879.0,Yes
C00048,Male,1,Yes,Yes,32,Yes,Yes,Fiber optic,Two year,Yes,Mailed check,31.54,1009.28,Yes
C00049,Female,1,Yes,Yes,15,No,No phone service,No,Month-to-month,No,Mailed check,80.56,1208.4,No
C00050,Female,0,Yes,No,41,No,Yes,Fiber optic,Month-to-month,No,Electronic check,31.72,1300.52,No
C00051,Male,0,No,Yes,65,No,Yes,No,One year,No,Mailed check,53.72,3491.7999999999997,No
C00052,Female,1,Yes,Yes,54,No,No,No,Month-to-month,Yes,Mailed check,34.28,1851.1200000000001,Yes
C00053,Male,0,Yes,Yes,41,No,No,No,One year,Yes,Electronic check,89.21,3657.6099999999997,No
C00054,Female,1,Yes,No,33,No,No phone service,DSL,One year,No,Bank transfer,40.63,1340.7900000000002,Yes
C00055,Male,0,Yes,No,29,No,No phone service,No,Month-to-month,Yes,Credit card,59.19,1716.51,No
C00056,Female,1,Yes,Yes,12,Yes,Yes,DSL,Two year,No,Credit card,109.57,1314.84,Yes
C00057,Female,1,No,No,12,Yes,No phone service,Fiber optic,Month-to-month,No,Bank transfer,40.43,485.15999999999997,Yes
C00058,Male,1,Yes,Yes,17,Yes,Yes,No,Month-to-month,No,Electronic check,70.78,1203.26,Yes
C00059,Male,1,No,Yes,31,Yes,Yes,Fiber optic,One year,No,Bank transfer,61.93,1919.83,No
C00060,Male,1,No,Yes,38,Yes,No phone service,Fiber optic,Month-to-month,No,Mailed check,21.81,828.78,Yes
C00061,Male,1,Yes,Yes,45,No,Yes,No,One year,Yes,Electronic check,99.28,4467.6,No
C00062,Male,0,Yes,No,28,Yes,No,DSL,Two year,Yes,Electronic check,26.9,753.1999999999999,No
C00063,Male,0,Yes,No,61,Yes,No phone service,No,Two year,Yes,Electronic check,67.43,4113.2300000000005,No
C00064,Male,0,Yes,No,61,Yes,No,Fiber optic,Two year,No,Credit card,76.07,4640.2699999999995,No
C00065,Male,1,No,Yes,56,Yes,No phone service,Fiber optic,Month-to-month,No,Bank transfer,82.84,4639.04,No
C00066,Female,1,Yes,Yes,15,Yes,Yes,No,One year,No,Electronic check,88.86,1332.9,Yes
C00067,Female,1,Yes,Yes,55,Yes,No phone service,DSL,Two year,No,Electronic check,45.33,2493.15,No
C00068,Male,1,Yes,No,9,Yes,No,DSL,One year,Yes,Electronic check,21.0,189.0,No
C00069,Female,0,Yes,Yes,29,No,Yes,Fiber optic,One year,Yes,Bank transfer,92.34,2677.86,No
C00070,Female,0,Yes,No,24,No,No phone service,Fiber optic,Two year,No,Credit card,73.57,1765.6799999999998,No
C00071,Female,1,Yes,No,4,Yes,No phone service,DSL,Two year,No,Mailed check,103.61,414.44,No
C00072,Female,0,No,No,64,No,No phone service,No,One year,No,Credit card,102.14,6536.96,Yes
C00073,Male,0,No,No,48,No,No,Fiber optic,Two year,Yes,Electronic check,104.33,5007.84,Yes
C00074,Female,1,Yes,No,2,No,No,DSL,One year,Yes,Credit card,68.51,137.02,No
C00075,Male,0,Yes,No,44,No,No phone service,Fiber optic,One year,Yes,Credit card,53.36,2347.84,Yes
C00076,Female,1,Yes,Yes,13,Yes,Yes,No,Two year,No,Mailed check,99.16,1289.08,Yes
C00077,Female,0,No,Yes,29,No,Yes,DSL,Month-to-month,No,Bank transfer,65.13,1888.77,No
C00078,Female,1,Yes,No,67,No,No,Fiber optic,Two year,Yes,Bank transfer,38.34,2568.78,Yes
C00079,Male,1,No,No,17,No,Yes,No,Month-to-month,No,Credit card,105.5,1793.5,No
C00080,Female,1,Yes,Yes,61,Yes,No,Fiber optic,One year,Yes,Credit card,108.26,6603.860000000001,Yes
C00081,Male,1,Yes,No,36,Yes,No phone service,No,One year,No,Bank transfer,66.63,2398.68,Yes
C00082,Female,0,Yes,No,24,Yes,No,No,Month-to-month,Yes,Bank transfer,27.57,661.6800000000001,Yes
C00083,Male,1,Yes,Yes,47,Yes,No,DSL,One year,No,Mailed check,58.78,2762.66,No
C00084,Female,1,No,No,64,Yes,No phone service,No,Month-to-month,Yes,Electronic check,100.35,6422.4,Yes
C00085,Male,1,No,No,52,Yes,Yes,Fiber optic,Month-to-month,Yes,Credit card,110.18,5729.360000000001,Yes
C00086,Male,0,Yes,No,14,Yes,No,No,One year,Yes,Bank transfer,40.35,564.9,No
C00087,Female,1,Yes,Yes,48,No,No,No,Month-to-month,Yes,Credit card,26.7,1281.6,No
C00088,Male,0,No,Yes,67,No,No phone service,DSL,Two year,Yes,Credit card,107.74,7218.58,Yes
C00089,Female,1,No,Yes,11,No,Yes,No,Two year,Yes,Bank transfer,58.94,648.3399999999999,No
C00090,Female,0,No,No,58,Yes,No,No,One year,No,Mailed check,74.18,4302.4400000000005,Yes
C00091,Female,0,No,No,36,Yes,No phone service,Fiber optic,One year,No,Credit card,116.81,4205.16,Yes
C00092,Female,1,Yes,Yes,60,Yes,No,DSL,Month-to-month,No,Mailed check,26.66,1599.6,No
C00093,Female,0,No,No,42,Yes,No phone service,DSL,Month-to-month,Yes,Bank transfer,84.83,3562.86,No
C00094,Female,1,Yes,No,69,Yes,Yes,DSL,Month-to-month,Yes,Electronic check,27.41,1891.29,No
C00095,Female,1,No,No,38,No,Yes,No,Month-to-month,No,Electronic check,57.55,2186.9,Yes
C00096,Female,1,No,No,55,No,Yes,DSL,Two year,Yes,Credit card,100.38,5520.9,No
C00097,Female,0,No,No,62,Yes,Yes,No,Two year,Yes,Bank transfer,63.35,3927.7000000000003,Yes
C00098,Female,0,No,Yes,45,Yes,No,No,One year,Yes,Mailed check,119.72,5387.4,No
C00099,Female,1,No,No,10,Yes,No,Fiber optic,Month-to-month,Yes,Credit card,75.91,759.0999999999999,Yes
C00100,Male,1,Yes,Yes,61,Yes,Yes,Fiber optic,Month-to-month,Yes,Bank transfer,52.12,3179.3199999999997,No
C00101,Male,0,Yes,No,24,No,Yes,Fiber optic,One year,No,Bank transfer,42.01,1008.24,Yes
C00102,Female,1,No,Yes,70,Yes,Yes,Fiber optic,Month-to-month,No,Mailed check,55.05,3853.5,No
C00103,Female,1,No,No,51,Yes,No,Fiber optic,Month-to-month,No,Credit card,57.25,2919.75,Yes
C00104,Female,1,Yes,Yes,3,Yes,Yes,No,Month-to-month,No,Bank transfer,26.87,80.61,No
C00105,Female,0,No,No,58,Yes,Yes,No,Month-to-month,No,Bank transfer,56.96,3303.68,No
C00106,Female,0,No,Yes,71,No,Yes,DSL,Month-to-month,Yes,Bank transfer,66.42,4715.82,Yes
C00107,Female,0,Yes,No,19,Yes,No phone service,No,One year,Yes,Mailed check,92.27,1753.1299999999999,No
C00108,Female,1,No,Yes,62,Yes,Yes,No,Month-to-month,Yes,Credit card,85.67,5311.54,Yes
C00109,Female,1,No,No,53,No,No phone service,Fiber optic,One year,Yes,Credit card,90.88,4816.639999999999,Yes
C00110,Male,1,Yes,Yes,56,No,No phone service,No,Month-to-month,No,Credit card,20.84,1167.04,No
C00111,Female,0,Yes,Yes,40,No,Yes,Fiber optic,Two year,No,Credit card,41.77,1670.8000000000002,Yes
C00112,Male,1,Yes,No,2,Yes,No phone service,DSL,Two year,No,Electronic check,86.17,172.34,No
C00113,Female,1,No,No,5,Yes,Yes,DSL,Two year,Yes,Electronic check,68.4,342.0,No
C00114,Female,1,Yes,Yes,4,No,No,No,Two year,No,Credit card,20.53,82.12,Yes
C00115,Male,1,Yes,No,4,No,No,DSL,One year,Yes,Mailed check,100.45,401.8,No
C00116,Female,0,Yes,Yes,53,No,No,No,One year,No,Electronic check,97.28,5155.84,Yes
C00117,Male,0,Yes,Yes,46,No,No,DSL,Month-to-month,No,Bank transfer,74.84,3442.6400000000003,Yes
C00118,Female,1,Yes,Yes,48,No,No phone service,Fiber optic,Two year,Yes,Electronic check,26.65,1279.1999999999998,No
C00119,Female,0,Yes,No,8,No,Yes,Fiber optic,One year,Yes,Bank transfer,96.65,773.2,No
C00120,Male,0,No,Yes,19,Yes,Yes,Fiber optic,Month-to-month,No,Credit card,78.37,1489.0300000000002,Yes
C00121,Female,1,No,Yes,60,Yes,Yes,Fiber optic,Month-to-month,No,Electronic check,98.2,5892.0,Yes
C00122,Male,1,Yes,No,34,Yes,No,No,One year,Yes,Mailed check,95.17,3235.78,No
C00123,Female,0,Yes,No,49,No,No,DSL,Two year,No,Electronic check,100.3,4914.7,No
C00124,Male,1,Yes,No,61,No,Yes,No,Month-to-month,No,Electronic check,71.8,4379.8,No
C00125,Male,0,No,No,16,No,No,Fiber optic,Two year,Yes,Electronic check,34.03,544.48,No
C00126,Female,1,No,Yes,2,No,Yes,No,Two year,No,Credit card,87.12,174.24,Yes
C00127,Female,0,No,Yes,31,No,Yes,DSL,Two year,Yes,Mailed check,82.05,2543.5499999999997,No
C00128,Male,1,No,Yes,12,No,Yes,No,Month-to-month,No,Electronic check,94.23,1130.76,Yes
C00129,Female,0,No,Yes,67,Yes,Yes,DSL,Two year,Yes,Mailed check,36.99,2478.33,Yes
C00130,Female,0,No,No,13,Yes,Yes,No,Month-to-month,No,Credit card,39.5,513.5,No
C00131,Female,0,No,Yes,10,No,Yes,DSL,Two year,Yes,Bank transfer,109.04,1090.4,Yes
C00132,Male,1,No,Yes,55,Yes,Yes,DSL,Month-to-month,No,Electronic check,95.0,5225.0,No
C00133,Male,0,No,No,66,No,No,Fiber optic,Two year,Yes,Mailed check,110.82,7314.12,Yes
C00134,Male,0,Yes,Yes,28,Yes,Yes,DSL,One year,No,Mailed check,95.87,2684.36,No
C00135,Male,1,Yes,Yes,8,No,Yes,Fiber optic,Two year,No,Credit card,79.72,637.76,Yes
C00136,Male,1,Yes,Yes,66,No,No,Fiber optic,Two year,No,Electronic check,85.41,5637.0599999999995,Yes
C00137,Male,0,Yes,Yes,24,Yes,No,Fiber optic,Month-to-month,No,Bank transfer,108.91,2613.84,No
C00138,Male,0,No,Yes,41,Yes,No,No,Month-to-month,No,Mailed check,77.88,3193.08,No
C00139,Male,1,No,Yes,8,No,Yes,No,Two year,No,Electronic check,83.24,665.92,Yes
C00140,Male,1,Yes,No,39,No,No phone service,No,One year,No,Bank transfer,35.65,1390.35,Yes
C00141,Female,1,No,No,24,Yes,No phone service,No,One year,No,Mailed check,67.39,1617.3600000000001,No
C00142,Male,1,Yes,Yes,4,Yes,No,DSL,Month-to-month,No,Mailed check,91.64,366.56,Yes
C00143,Female,1,No,Yes,10,No,No phone service,DSL,One year,Yes,Bank transfer,47.09,470.90000000000003,No
C00144,Female,0,Yes,No,58,Yes,No,No,Two year,Yes,Bank transfer,40.23,2333.3399999999997,Yes
C00145,Female,1,No,Yes,37,No,Yes,DSL,Month-to-month,No,Credit card,51.38,1901.0600000000002,No
C00146,Male,0,No,Yes,71,No,No phone service,DSL,Two year,Yes,Electronic check,44.15,3134.65,Yes
C00147,Male,0,Yes,Yes,4,No,Yes,Fiber optic,Month-to-month,No,Electronic check,41.49,165.96,No
C00148,Male,0,No,No,47,No,No phone service,Fiber optic,Month-to-month,No,Credit card,62.49,2937.03,No
C00149,Male,1,Yes,Yes,17,Yes,Yes,Fiber optic,Month-to-month,Yes,Mailed check,110.78,1883.26,Yes
C00150,Female,0,Yes,No,69,Yes,No phone service,Fiber optic,Month-to-month,No,Bank transfer,70.71,4878.99,No
C00151,Male,0,Yes,Yes,36,Yes,Yes,DSL,One year,No,Bank transfer,38.79,1396.44,Yes
C00152,Male,1,Yes,No,59,Yes,Yes,No,Two year,Yes,Bank transfer,27.7,1634.3,No
C00153,Male,0,No,No,47,Yes,No phone service,DSL,Two year,Yes,Mailed check,89.62,4212.14,No
C00154,Male,0,No,Yes,27,Yes,Yes,DSL,Two year,No,Bank transfer,58.28,1573.56,No
C00155,Male,1,No,No,68,Yes,Yes,DSL,Month-to-month,Yes,Bank transfer,102.18,6948.240000000001,Yes
C00156,Female,0,Yes,Yes,39,No,Yes,Fiber optic,One year,Yes,Credit card,85.95,3352.05,No
C00157,Male,0,No,No,44,Yes,No phone service,Fiber optic,Two year,No,Mailed check,99.62,4383.280000000001,Yes
C00158,Female,0,Yes,Yes,61,Yes,No phone service,Fiber optic,One year,Yes,Electronic check,47.19,2878.5899999999997,No
C00159,Male,1,No,Yes,57,No,Yes,No,Month-to-month,Yes,Credit card,89.24,5086.679999999999,Yes
C00160,Female,1,No,No,66,Yes,Yes,DSL,Two year,No,Credit card,46.41,3063.06,Yes
C00161,Male,1,No,Yes,55,Yes,No phone service,No,One year,Yes,Electronic check,113.91,6265.05,Yes
C00162,Male,0,Yes,Yes,39,No,No phone service,Fiber optic,Month-to-month,Yes,Credit card,83.64,3261.96,No
C00163,Female,0,No,No,39,Yes,Yes,No,One year,No,Mailed check,52.45,2045.5500000000002,Yes
C00164,Female,1,No,Yes,32,Yes,Yes,DSL,Two year,No,Bank transfer,46.95,1502.4,No
C00165,Female,0,Yes,Yes,5,Yes,Yes,DSL,Two year,No,Mailed check,39.09,195.45000000000002,Yes
C00166,Male,0,No,No,18,No,No,Fiber optic,Month-to-month,Yes,Electronic check,89.46,1610.28,Yes
C00167,Female,1,Yes,No,39,Yes,No phone service,Fiber optic,Month-to-month,No,Electronic check,41.87,1632.9299999999998,Yes
C00168,Male,1,No,Yes,58,Yes,No,No,Month-to-month,No,Credit card,79.53,4612.74,Yes
C00169,Male,0,Yes,Yes,58,No,No phone service,Fiber optic,One year,Yes,Mailed check,46.46,2694.68,No
C00170,Female,0,Yes,No,47,Yes,No phone service,Fiber optic,One year,No,Mailed check,86.2,4051.4,Yes
C00171,Female,0,No,No,40,No,No phone service,DSL,One year,No,Electronic check,101.49,4059.6,Yes
C00172,Male,1,Yes,Yes,12,No,No phone service,Fiber optic,Month-to-month,No,Mailed check,97.8,1173.6,No
C00173,Male,1,Yes,No,44,Yes,No phone service,Fiber optic,Two year,No,Electronic check,96.09,4227.96,Yes
C00174,Female,1,Yes,Yes,52,No,No phone service,DSL,Two year,Yes,Mailed check,38.77,2016.0400000000002,Yes
C00175,Female,1,Yes,Yes,41,No,No phone service,DSL,One year,No,Mailed check,28.84,1182.44,Yes
C00176,Female,0,Yes,Yes,62,Yes,No,No,One year,No,Mailed check,89.89,5573.18,Yes
C00177,Male,1,Yes,Yes,26,No,Yes,Fiber optic,Two year,Yes,Electronic check,56.83,1477.58,No
C00178,Male,1,No,Yes,37,No,Yes,DSL,Two year,No,Credit card,63.23,2339.5099999999998,No
C00179,Male,1,Yes,No,59,Yes,No,No,One year,Yes,Mailed check,23.11,1363.49,Yes
C00180,Male,1,Yes,No,6,Yes,No,No,One year,Yes,Electronic check,45.96,275.76,No
C00181,Male,1,No,No,4,Yes,No,Fiber optic,Two year,Yes,Electronic check,23.37,93.48,No
C00182,Male,0,No,No,44,No,No,Fiber optic,Month-to-month,No,Mailed check,107.92,4748.4800000000005,Yes
C00183,Female,0,No,Yes,57,Yes,No phone service,No,One year,Yes,Mailed check,44.34,2527.38,No
C00184,Male,1,No,Yes,30,No,Yes,DSL,Two year,Yes,Credit card,75.73,2271.9,Yes
C00185,Male,0,No,Yes,22,No,No phone service,No,Two year,Yes,Electronic check,23.9,525.8,No
C00186,Male,1,No,Yes,41,No,Yes,Fiber optic,Two year,No,Electronic check,86.68,3553.88,No
C00187,Female,1,No,No,9,No,Yes,DSL,Two year,No,Bank transfer,52.3,470.7,No
C00188,Male,0,Yes,Yes,31,No,No,DSL,Month-to-month,No,Electronic check,109.79,3403.4900000000002,Yes
C00189,Male,0,Yes,Yes,52,No,No phone service,No,Two year,No,Credit card,108.81,5658.12,No
C00190,Female,1,No,No,29,No,No,Fiber optic,One year,No,Bank transfer,52.53,1523.3700000000001,Yes
C00191,Male,1,Yes,No,38,Yes,No phone service,No,Month-to-month,No,Bank transfer,110.1,4183.8,Yes
C00192,Male,1,Yes,No,30,Yes,Yes,No,Two year,No,Bank transfer,119.62,3588.6000000000004,No
C00193,Male,0,Yes,No,1,No,No,No,Month-to-month,Yes,Mailed check,102.54,102.54,Yes
C00194,Male,1,No,Yes,11,No,No,DSL,One year,Yes,Mailed check,104.49,1149.3899999999999,No
C00195,Male,1,No,Yes,38,Yes,Yes,DSL,Two year,Yes,Electronic check,44.9,1706.2,Yes
C00196,Female,1,Yes,No,65,No,Yes,Fiber optic,One year,Yes,Bank transfer,77.67,5048.55,Yes
C00197,Female,0,No,Yes,12,Yes,Yes,Fiber optic,Two year,No,Credit card,26.73,320.76,No
C00198,Female,1,Yes,Yes,45,Yes,No,No,Two year,Yes,Mailed check,29.49,1327.05,No
C00199,Male,1,Yes,Yes,26,Yes,No phone service,No,Two year,Yes,Credit card,119.89,3117.14,No
C00200,Male,0,Yes,No,16,No,No,No,Two year,Yes,Credit card,52.66,842.56,No
C00201,Male,1,Yes,Yes,59,No,No phone service,Fiber optic,Two year,Yes,Mailed check,94.82,5594.379999999999,Yes
C00202,Female,1,No,No,63,Yes,No,DSL,Month-to-month,No,Mailed check,100.67,6342.21,Yes
C00203,Male,0,No,Yes,34,Yes,No,DSL,Two year,No,Mailed check,105.8,3597.2,Yes
C00204,Male,1,No,Yes,69,Yes,Yes,No,Two year,No,Mailed check,119.76,8263.44,No
C00205,Female,0,Yes,Yes,29,Yes,No phone service,No,Month-to-month,Yes,Bank transfer,44.15,1280.35,Yes
C00206,Male,0,No,No,70,Yes,No,No,Month-to-month,No,Bank transfer,24.04,1682.8,No
C00207,Female,1,Yes,Yes,62,No,No,No,Month-to-month,Yes,Bank transfer,61.12,3789.44,Yes
C00208,Female,1,No,No,27,Yes,Yes,Fiber optic,Month-to-month,No,Bank transfer,33.01,891.27,No
C00209,Female,1,Yes,No,59,No,Yes,DSL,Month-to-month,No,Electronic check,22.24,1312.1599999999999,Yes
C00210,Male,1,Yes,No,36,Yes,No phone service,No,Month-to-month,No,Bank transfer,56.04,2017.44,Yes
C00211,Male,0,Yes,Yes,21,No,No,Fiber optic,Two year,No,Mailed check,98.37,2065.77,No
C00212,Male,1,No,Yes,67,No,No phone service,No,Two year,No,Credit card,76.62,5133.54,Yes
C00213,Male,0,No,Yes,19,No,No,No,One year,Yes,Bank transfer,51.28,974.32,No
C00214,Male,1,No,Yes,67,No,No phone service,DSL,Two year,No,Electronic check,85.43,5723.81,Yes
C00215,Male,1,No,No,63,No,Yes,No,Two year,Yes,Mailed check,43.2,2721.6000000000004,Yes
C00216,Male,1,Yes,No,16,No,No,DSL,Month-to-month,Yes,Credit card,21.44,343.04,No
C00217,Female,0,No,No,11,Yes,No phone service,DSL,Month-to-month,Yes,Credit card,96.44,1060.84,No
C00218,Male,1,No,Yes,21,No,Yes,DSL,Two year,Yes,Bank transfer,82.37,1729.77,Yes
C00219,Female,1,Yes,No,16,Yes,Yes,Fiber optic,One year,Yes,Credit card,96.23,1539.68,Yes
C00220,Male,1,Yes,Yes,9,No,No phone service,Fiber optic,Month-to-month,No,Bank transfer,23.89,215.01,Yes
C00221,Male,1,Yes,No,64,No,No,DSL,Two year,No,Bank transfer,103.71,6637.44,Yes
C00222,Male,0,No,Yes,21,Yes,No,No,Two year,No,Mailed check,81.95,1720.95,Yes
C00223,Female,1,Yes,Yes,49,No,Yes,DSL,One year,No,Mailed check,76.34,3740.6600000000003,Yes
C00224,Female,0,Yes,No,13,Yes,No,No,One year,Yes,Electronic check,82.46,1071.98,No
C00225,Female,0,Yes,No,63,Yes,No,DSL,Month-to-month,No,Mailed check,106.44,6705.72,No
C00226,Female,0,No,No,46,Yes,No,No,One year,No,Mailed check,78.69,3619.74,No
C00227,Male,0,Yes,No,28,Yes,Yes,Fiber optic,Two year,Yes,Bank transfer,78.1,2186.7999999999997,Yes
C00228,Female,0,No,Yes,35,No,No phone service,No,Two year,Yes,Mailed check,119.07,4167.45,Yes
C00229,Male,0,No,No,51,No,No,DSL,One year,No,Bank transfer,95.67,4879.17,Yes
C00230,Male,1,Yes,No,6,Yes,Yes,Fiber optic,One year,No,Bank transfer,64.23,385.38,No
C00231,Female,0,Yes,No,28,No,Yes,No,One year,Yes,Mailed check,90.74,2540.72,No
C00232,Female,0,No,Yes,10,No,No phone service,No,One year,No,Electronic check,58.92,589.2,Yes
C00233,Female,0,Yes,Yes,32,Yes,No,No,Month-to-month,No,Electronic check,42.89,1372.48,Yes
C00234,Female,1,Yes,No,5,No,No,No,One year,No,Credit card,79.69,398.45,No
C00235,Female,1,No,Yes,31,Yes,No phone service,No,Month-to-month,No,Credit card,112.82,3497.4199999999996,No
C00236,Female,0,No,No,50,Yes,No phone service,Fiber optic,Two year,Yes,Mailed check,112.91,5645.5,No
C00237,Female,1,Yes,Yes,57,No,Yes,Fiber optic,One year,Yes,Electronic check,54.19,3088.83,Yes
C00238,Female,0,No,Yes,25,No,Yes,Fiber optic,Month-to-month,Yes,Bank transfer,72.77,1819.25,Yes
C00239,Male,0,Yes,Yes,45,No,No phone service,Fiber optic,One year,No,Credit card,41.16,1852.1999999999998,Yes
C00240,Female,1,Yes,Yes,28,Yes,No,DSL,Two year,No,Bank transfer,119.56,3347.6800000000003,No
C00241,Female,0,Yes,No,3,Yes,Yes,Fiber optic,Two year,No,Credit card,118.11,354.33,No
C00242,Male,1,No,No,12,No,Yes,No,Two year,No,Mailed check,84.95,1019.4000000000001,Yes
C00243,Female,1,Yes,No,38,No,No,No,One year,No,Electronic check,100.44,3816.72,Yes
C00244,Male,0,Yes,Yes,14,No,Yes,Fiber optic,One year,Yes,Credit card,91.51,1281.14,No
C00245,Male,0,Yes,No,28,No,No,No,Month-to-month,No,Electronic check,79.32,2220.96,Yes
C00246,Female,1,No,No,28,Yes,No,Fiber optic,Two year,No,Bank transfer,25.33,709.24,No
C00247,Male,0,No,No,31,No,No,No,One year,Yes,Mailed check,65.48,2029.88,No
C00248,Male,0,No,Yes,1,Yes,No phone service,DSL,Two year,No,Electronic check,87.48,87.48,Yes
C00249,Male,0,No,Yes,46,Yes,No phone service,DSL,Two year,Yes,Mailed check,87.75,4036.5,No
C00250,Male,1,No,Yes,21,No,No phone service,Fiber optic,Month-to-month,Yes,Electronic check,57.31,1203.51,Yes
C00251,Female,1,Yes,No,26,No,No,Fiber optic,Month-to-month,Yes,Bank transfer,114.17,2968.42,No
C00252,Male,0,No,No,66,No,No,Fiber optic,Month-to-month,Yes,Bank transfer,36.74,2424.84,No
C00253,Female,1,No,No,55,Yes,No phone service,No,Month-to-month,Yes,Mailed check,70.04,3852.2000000000003,Yes
C00254,Male,1,No,Yes,20,No,Yes,Fiber optic,Two year,No,Bank transfer,89.09,1781.8000000000002,No
C00255,Male,1,Yes,Yes,46,No,No,DSL,Month-to-month,Yes,Credit card,89.71,4126.66,Yes
C00256,Male,1,No,No,58,Yes,Yes,No,Month-to-month,Yes,Electronic check,84.86,4921.88,Yes
C00257,Male,1,No,Yes,5,No,Yes,Fiber optic,Month-to-month,No,Bank transfer,47.53,237.65,No
C00258,Female,0,Yes,Yes,18,Yes,No,No,Month-to-month,No,Credit card,35.62,641.16,Yes
C00259,Female,0,No,Yes,56,No,No,No,Two year,Yes,Mailed check,83.59,4681.04,Yes
C00260,Male,0,Yes,Yes,68,Yes,Yes,Fiber optic,Month-to-month,No,Credit card,79.93,5435.240000000001,Yes
C00261,Male,1,Yes,No,2,No,Yes,No,Two year,No,Mailed check,37.94,75.88,Yes
C00262,Female,1,Yes,Yes,0,No,No phone service,DSL,One year,Yes,Mailed check,90.51,0.0,Yes
C00263,Male,0,Yes,Yes,57,Yes,No phone service,DSL,Two year,Yes,Electronic check,65.52,3734.64,Yes
C00264,Male,1,Yes,Yes,37,Yes,No,No,Two year,No,Electronic check,86.78,3210.86,No
C00265,Male,0,No,Yes,14,No,No phone service,Fiber optic,Month-to-month,Yes,Credit card,103.74,1452.36,Yes
C00266,Female,0,Yes,No,33,Yes,No phone service,No,One year,Yes,Electronic check,36.97,1220.01,No
C00267,Female,0,Yes,No,60,Yes,No phone service,DSL,One year,No,Electronic check,21.91,1314.6,No
C00268,Female,1,No,Yes,34,Yes,No phone service,No,One year,Yes,Electronic check,97.91,3328.94,Yes
C00269,Male,1,Yes,Yes,63,Yes,Yes,No,One year,Yes,Credit card,80.97,5101.11,No
C00270,Male,0,No,Yes,24,No,No,DSL,Two year,Yes,Bank transfer,89.96,2159.04,No
C00271,Female,0,No,Yes,23,No,No phone service,No,One year,Yes,Electronic check,103.82,2387.8599999999997,Yes
C00272,Female,0,No,Yes,11,Yes,Yes,No,Two year,Yes,Electronic check,100.28,1103.08,Yes
C00273,Female,0,Yes,Yes,17,Yes,Yes,Fiber optic,Two year,No,Credit card,116.09,1973.53,Yes
C00274,Female,1,Yes,No,14,Yes,Yes,Fiber optic,Two year,No,Bank transfer,73.59,1030.26,No
C00275,Male,1,Yes,Yes,26,Yes,No phone service,DSL,One year,Yes,Electronic check,68.85,1790.1,No
C00276,Female,0,No,No,71,No,No phone service,DSL,Month-to-month,No,Mailed check,60.19,4273.49,Yes
C00277,Male,0,Yes,No,59,No,No,DSL,Month-to-month,Yes,Credit card,35.37,2086.83,Yes
C00278,Female,1,Yes,Yes,45,Yes,No phone service,Fiber optic,One year,Yes,Electronic check,77.26,3476.7000000000003,No
C00279,Male,1,Yes,No,16,Yes,No phone service,DSL,Month-to-month,Yes,Electronic check,47.7,763.2,No
C00280,Female,0,No,No,52,Yes,Yes,DSL,Month-to-month,Yes,Mailed check,112.13,5830.76,No
C00281,Female,0,No,No,7,No,No,DSL,Two year,Yes,Mailed check,78.32,548.24,No
C00282,Female,0,Yes,No,26,Yes,No phone service,Fiber optic,Two year,No,Credit card,79.28,2061.28,Yes
C00283,Female,1,Yes,No,45,No,No phone service,No,One year,No,Credit card,55.49,2497.05,No
C00284,Male,1,Yes,No,49,Yes,Yes,DSL,One year,Yes,Mailed check,25.2,1234.8,No
C00285,Female,1,Yes,Yes,70,No,Yes,No,Month-to-month,No,Credit card,23.17,1621.9,No
C00286,Male,0,No,No,2,Yes,No phone service,DSL,Two year,Yes,Mailed check,62.33,124.66,No
C00287,Male,0,No,No,63,No,No,No,One year,No,Electronic check,28.46,1792.98,Yes
C00288,Male,1,No,No,43,Yes,No,Fiber optic,One year,Yes,Mailed check,80.68,3469.2400000000002,Yes
C00289,Male,1,No,Yes,52,Yes,Yes,Fiber optic,One year,No,Mailed check,108.1,5621.2,No
C00290,Female,0,Yes,No,23,Yes,Yes,DSL,One year,Yes,Bank transfer,108.29,2490.67,No
C00291,Male,1,Yes,Yes,59,No,No phone service,No,One year,Yes,Mailed check,85.9,5068.1,Yes
C00292,Male,1,Yes,No,2,Yes,Yes,Fiber optic,One year,No,Mailed check,41.12,82.24,Yes
C00293,Male,0,No,Yes,19,No,No phone service,DSL,Month-to-month,No,Bank transfer,106.3,2019.7,No
C00294,Female,1,Yes,Yes,45,No,No,DSL,Two year,Yes,Credit card,108.61,4887.45,No
C00295,Female,0,No,No,14,Yes,No,Fiber optic,Two year,No,Bank transfer,39.67,555.38,Yes
C00296,Female,0,No,No,24,Yes,No phone service,Fiber optic,One year,Yes,Electronic check,93.74,2249.7599999999998,Yes
C00297,Female,0,Yes,Yes,70,Yes,Yes,DSL,Two year,No,Bank transfer,48.65,3405.5,Yes
C00298,Male,0,Yes,No,16,No,No,No,Two year,No,Electronic check,100.26,1604.16,Yes
C00299,Male,0,Yes,Yes,8,Yes,Yes,No,Two year,Yes,Credit card,119.72,957.76,Yes
C00300,Female,0,No,Yes,37,No,No,No,One year,No,Bank transfer,23.0,851.0,Yes
C00301,Male,0,Yes,Yes,47,No,No phone service,DSL,One year,No,Bank transfer,109.74,5157.78,No
C00302,Male,1,No,Yes,59,Yes,No phone service,Fiber optic,Two year,Yes,Credit card,82.26,4853.34,Yes
C00303,Male,0,Yes,Yes,62,Yes,No phone service,DSL,Two year,No,Electronic check,117.34,7275.08,Yes
C00304,Female,0,No,No,1,Yes,No,Fiber optic,One year,Yes,Bank transfer,66.5,66.5,Yes
C00305,Female,1,No,Yes,71,Yes,Yes,No,Month-to-month,Yes,Electronic check,104.74,7436.54,Yes
C00306,Male,1,Yes,Yes,10,Yes,Yes,No,Two year,Yes,Bank transfer,26.24,262.4,No
C00307,Female,1,No,No,63,Yes,Yes,Fiber optic,Month-to-month,Yes,Mailed check,53.53,3372.39,No
C00308,Female,0,No,Yes,71,No,No,Fiber optic,Two year,Yes,Bank transfer,26.7,1895.7,Yes
C00309,Female,1,Yes,No,20,No,No,DSL,Month-to-month,No,Credit card,117.53,2350.6,No
C00310,Female,0,No,No,17,No,No,No,Month-to-month,Yes,Credit card,101.7,1728.9,No
C00311,Female,0,Yes,No,63,Yes,No,DSL,Month-to-month,Yes,Electronic check,105.25,6630.75,No
C00312,Male,0,No,Yes,37,No,No,DSL,One year,No,Bank transfer,113.8,4210.599999999999,No
C00313,Female,0,Yes,Yes,31,No,Yes,DSL,Month-to-month,No,Electronic check,28.51,883.8100000000001,No
C00314,Male,1,Yes,Yes,10,No,No,No,Month-to-month,No,Electronic check,58.56,585.6,No
C00315,Male,1,No,No,44,No,No,DSL,Month-to-month,Yes,Mailed check,27.1,1192.4,Yes
C00316,Female,0,No,Yes,32,No,Yes,DSL,Two year,Yes,Mailed check,41.08,1314.56,Yes
C00317,Male,0,No,No,40,Yes,No,DSL,Month-to-month,Yes,Credit card,42.94,1717.6,Yes
C00318,Male,0,No,Yes,7,Yes,Yes,DSL,Two year,No,Electronic check,66.91,468.37,Yes
C00319,Male,1,No,No,10,No,Yes,DSL,Month-to-month,Yes,Credit card,46.86,468.6,Yes
C00320,Female,0,Yes,Yes,50,No,No phone service,DSL,Month-to-month,No,Bank transfer,30.1,1505.0,No
C00321,Female,0,No,Yes,40,No,No phone service,No,One year,Yes,Electronic check,36.75,1470.0,Yes
C00322,Male,1,Yes,Yes,16,Yes,No phone service,DSL,Two year,No,Electronic check,34.73,555.68,Yes
C00323,Female,1,Yes,No,45,Yes,No phone service,Fiber optic,Month-to-month,Yes,Bank transfer,117.31,5278.95,No
C00324,Female,0,No,No,31,No,No,DSL,Two year,Yes,Bank transfer,95.93,2973.8300000000004,No
C00325,Female,1,Yes,Yes,53,Yes,No phone service,DSL,Two year,Yes,Credit card,116.78,6189.34,Yes
C00326,Female,1,Yes,Yes,19,Yes,Yes,No,One year,No,Credit card,63.97,1215.43,No
C00327,Male,0,Yes,No,32,No,No,No,One year,No,Bank transfer,47.84,1530.88,No
C00328,Male,1,Yes,No,39,Yes,No phone service,Fiber optic,One year,Yes,Credit card,99.83,3893.37,No
C00329,Female,0,No,No,31,Yes,Yes,Fiber optic,One year,Yes,Bank transfer,52.63,1631.53,No
C00330,Female,1,Yes,Yes,1,No,No,No,One year,Yes,Electronic check,49.94,49.94,Yes
C00331,Male,0,No,No,32,Yes,No,No,One year,No,Electronic check,43.25,1384.0,No
C00332,Male,0,No,Yes,29,Yes,No phone service,DSL,One year,Yes,Mailed check,32.97,956.13,Yes
C00333,Female,0,Yes,No,32,No,No,No,One year,Yes,Electronic check,45.65,1460.8,Yes
C00334,Male,1,No,Yes,25,Yes,Yes,Fiber optic,Month-to-month,Yes,Bank transfer,55.53,1388.25,No
C00335,Female,0,No,No,21,Yes,No,DSL,Two year,Yes,Credit card,87.4,1835.4,No
C00336,Female,1,No,No,65,No,Yes,Fiber optic,One year,No,Mailed check,26.26,1706.9,No
C00337,Male,0,Yes,No,37,No,No,DSL,One year,No,Credit card,41.05,1518.85,Yes
C00338,Male,0,No,No,45,No,No phone service,No,Two year,Yes,Bank transfer,100.9,4540.5,No
C00339,Female,1,No,No,14,Yes,Yes,Fiber optic,Month-to-month,Yes,Electronic check,34.69,485.65999999999997,No
C00340,Female,0,No,Yes,43,No,No,DSL,Two year,No,Mailed check,54.26,2333.18,No
C00341,Male,0,Yes,No,48,Yes,No,DSL,Two year,No,Bank transfer,106.47,5110.5599999999995,No
C00342,Female,1,No,No,60,No,No,No,One year,Yes,Mailed check,35.49,2129.4,No
C00343,Male,0,Yes,No,66,Yes,Yes,No,Two year,No,Mailed check,28.27,1865.82,Yes
C00344,Female,0,Yes,Yes,5,No,Yes,No,Two year,No,Electronic check,68.45,342.25,No
C00345,Male,0,Yes,No,8,No,Yes,Fiber optic,One year,Yes,Bank transfer,50.24,401.92,No
C00346,Male,0,Yes,Yes,5,No,No phone service,DSL,One year,No,Credit card,76.34,381.70000000000005,No
C00347,Male,1,Yes,No,31,No,No phone service,No,One year,No,Mailed check,100.38,3111.7799999999997,Yes
C00348,Female,1,Yes,No,40,Yes,Yes,Fiber optic,One year,Yes,Mailed check,33.71,1348.4,No
C00349,Female,0,No,Yes,7,No,No,Fiber optic,Two year,Yes,Credit card,78.07,546.49,Yes
C00350,Male,1,Yes,No,71,No,No phone service,Fiber optic,Two year,No,Bank transfer,70.55,5009.05,Yes
C00351,Female,0,No,Yes,49,Yes,Yes,No,Month-to-month,Yes,Mailed check,34.41,1686.09,No
C00352,Male,1,No,Yes,61,No,No,No,Month-to-month,No,Mailed check,82.4,5026.400000000001,No
C00353,Male,0,Yes,No,61,Yes,No phone service,DSL,Two year,Yes,Mailed check,47.36,2888.96,No
C00354,Female,0,No,Yes,6,No,No,DSL,Month-to-month,No,Bank transfer,68.78,412.68,Yes
C00355,Female,0,No,No,3,No,No,No,Two year,Yes,Bank transfer,28.23,84.69,Yes
C00356,Male,0,No,No,5,No,No,Fiber optic,Month-to-month,No,Credit card,65.96,329.79999999999995,Yes
C00357,Female,0,No,Yes,57,Yes,No,Fiber optic,One year,No,Bank transfer,50.65,2887.0499999999997,Yes
C00358,Female,0,Yes,Yes,21,No,No phone service,Fiber optic,Month-to-month,No,Bank transfer,102.24,2147.04,Yes
C00359,Male,1,No,Yes,25,No,No phone service,DSL,One year,Yes,Electronic check,25.7,642.5,Yes
C00360,Male,0,Yes,Yes,2,No,No phone service,Fiber optic,One year,Yes,Credit card,61.86,123.72,No
C00361,Female,1,No,No,40,Yes,Yes,DSL,One year,No,Mailed check,65.84,2633.6000000000004,No
C00362,Male,0,No,No,59,Yes,No phone service,DSL,One year,No,Bank transfer,92.5,5457.5,Yes
C00363,Male,1,Yes,Yes,13,No,No,Fiber optic,Month-to-month,Yes,Mailed check,77.43,1006.5900000000001,No
C00364,Female,1,No,No,11,Yes,No phone service,Fiber optic,Two year,Yes,Mailed check,86.72,953.92,No
C00365,Male,1,No,No,11,No,No,No,One year,Yes,Electronic check,97.7,1074.7,Yes
C00366,Male,0,No,No,12,No,Yes,No,Month-to-month,Yes,Bank transfer,106.22,1274.6399999999999,Yes
C00367,Female,0,Yes,No,24,No,No,Fiber optic,One year,Yes,Credit card,51.39,1233.3600000000001,No
C00368,Female,1,No,Yes,44,No,No,DSL,Month-to-month,Yes,Bank transfer,73.8,3247.2,Yes
C00369,Male,0,Yes,Yes,18,No,No,DSL,Month-to-month,No,Mailed check,104.01,1872.18,Yes
C00370,Male,1,No,No,54,No,Yes,DSL,Month-to-month,Yes,Credit card,118.95,6423.3,No
C00371,Female,0,Yes,Yes,44,No,No phone service,DSL,Two year,No,Bank transfer,108.95,4793.8,Yes
C00372,Female,1,Yes,Yes,7,Yes,No phone service,DSL,Month-to-month,Yes,Mailed check,57.15,400.05,No
C00373,Female,1,No,Yes,52,Yes,Yes,No,Month-to-month,Yes,Mailed check,39.52,2055.04,No
C00374,Female,0,No,No,54,Yes,No,Fiber optic,Two year,No,Electronic check,68.94,3722.7599999999998,No
C00375,Male,1,Yes,No,31,Yes,No phone service,No,Two year,No,Electronic check,94.16,2918.96,No
C00376,Female,0,Yes,No,50,Yes,Yes,DSL,Month-to-month,Yes,Electronic check,69.26,3463.0000000000005,No
C00377,Female,1,No,Yes,43,Yes,No phone service,DSL,Two year,No,Mailed check,68.32,2937.7599999999998,Yes
C00378,Male,1,Yes,No,69,Yes,Yes,DSL,One year,No,Bank transfer,103.82,7163.58,Yes
C00379,Female,0,No,No,17,No,No,DSL,One year,No,Electronic check,56.14,954.38,Yes
C00380,Male,0,No,Yes,21,No,No phone service,Fiber optic,Two year,No,Bank transfer,105.98,2225.58,Yes
C00381,Female,0,No,No,36,No,Yes,DSL,Two year,Yes,Electronic check,60.68,2184.48,No
C00382,Female,1,No,No,55,No,No phone service,Fiber optic,Month-to-month,No,Credit card,52.82,2905.1,No
C00383,Female,0,Yes,Yes,58,Yes,No phone service,DSL,Two year,Yes,Credit card,65.4,3793.2000000000003,Yes
C00384,Male,1,No,Yes,2,Yes,No phone service,Fiber optic,Month-to-month,Yes,Electronic check,96.24,192.48,No
C00385,Male,1,Yes,Yes,27,No,No phone service,No,One year,Yes,Mailed check,32.6,880.2,Yes
C00386,Female,0,No,No,34,No,Yes,DSL,Two year,Yes,Electronic check,39.64,1347.76,Yes
C00387,Male,0,Yes,No,60,Yes,No,Fiber optic,Month-to-month,No,Electronic check,115.14,6908.4,Yes
C00388,Male,1,No,No,53,No,Yes,No,Month-to-month,No,Mailed check,37.55,1990.1499999999999,No
C00389,Male,1,Yes,Yes,62,No,Yes,DSL,One year,Yes,Credit card,76.77,4759.74,No
C00390,Male,0,Yes,Yes,6,No,Yes,DSL,Two year,Yes,Bank transfer,77.93,467.58000000000004,No
C00391,Male,0,No,No,48,No,No,DSL,One year,Yes,Electronic check,68.96,3310.08,No
C00392,Male,0,No,No,30,Yes,No phone service,Fiber optic,Month-to-month,Yes,Mailed check,84.47,2534.1,Yes
C00393,Female,0,No,Yes,57,No,No phone service,Fiber optic,Month-to-month,No,Electronic check,42.98,2449.8599999999997,No
C00394,Female,0,No,Yes,60,No,No phone service,No,Two year,Yes,Mailed check,75.27,4516.2,No
C00395,Male,1,Yes,Yes,23,Yes,No,Fiber optic,Month-to-month,No,Bank transfer,57.22,1316.06,No
C00396,Female,1,No,Yes,19,Yes,No phone service,Fiber optic,Two year,Yes,Bank transfer,86.17,1637.23,Yes
C00397,Female,1,Yes,No,36,No,No,DSL,One year,Yes,Credit card,34.12,1228.32,Yes
C00398,Female,1,Yes,Yes,3,Yes,No phone service,DSL,Two year,Yes,Mailed check,77.09,231.27,No
C00399,Female,0,No,No,19,No,No phone service,DSL,Two year,Yes,Mailed check,38.53,732.07,No
C00400,Male,0,Yes,No,59,No,Yes,DSL,Month-to-month,No,Credit card,47.86,2823.74,No
C00401,Female,0,Yes,No,23,Yes,No,DSL,Month-to-month,No,Credit card,41.87,963.01,No
C00402,Female,1,Yes,Yes,49,No,Yes,DSL,Two year,No,Mailed check,38.28,1875.72,Yes
C00403,Male,1,Yes,Yes,48,No,Yes,DSL,Month-to-month,Yes,Credit card,102.57,4923.36,No
C00404,Male,0,No,Yes,50,No,Yes,No,Month-to-month,Yes,Bank transfer,48.57,2428.5,No
C00405,Female,0,No,Yes,35,No,No,No,Month-to-month,No,Electronic check,112.71,3944.85,No
C00406,Female,1,No,No,65,Yes,No,No,Two year,No,Bank transfer,116.99,7604.349999999999,Yes
C00407,Female,1,No,Yes,33,Yes,No phone service,No,Month-to-month,Yes,Credit card,77.13,2545.29,Yes
C00408,Female,0,Yes,Yes,35,No,Yes,DSL,Two year,Yes,Mailed check,34.3,1200.5,No
C00409,Female,0,Yes,No,5,Yes,No phone service,No,Month-to-month,No,Mailed check,57.45,287.25,No
C00410,Female,1,No,Yes,38,No,Yes,DSL,One year,Yes,Bank transfer,99.77,3791.2599999999998,No
C00411,Male,0,No,No,41,No,No,No,Month-to-month,Yes,Mailed check,56.74,2326.34,No
C00412,Female,0,No,No,57,No,No,Fiber optic,Month-to-month,No,Credit card,28.7,1635.8999999999999,No
C00413,Female,0,Yes,No,11,No,No,No,Two year,Yes,Bank transfer,75.68,832.48,Yes
C00414,Male,1,No,No,2,No,Yes,No,Two year,No,Mailed check,104.51,209.02,Yes
C00415,Male,1,No,No,17,Yes,No,DSL,Month-to-month,Yes,Electronic check,99.59,1693.03,Yes
C00416,Male,1,No,No,39,No,Yes,No,One year,No,Electronic check,37.51,1462.8899999999999,No
C00417,Male,1,Yes,No,20,Yes,No phone service,Fiber optic,Month-to-month,Yes,Credit card,87.28,1745.6,Yes
C00418,Female,1,Yes,No,14,Yes,Yes,DSL,Month-to-month,No,Mailed check,42.05,588.6999999999999,Yes
C00419,Female,1,Yes,Yes,25,No,No phone service,DSL,One year,No,Credit card,41.82,1045.5,Yes
C00420,Female,1,Yes,Yes,7,No,Yes,No,Two year,No,Bank transfer,107.41,751.87,No
C00421,Female,0,Yes,Yes,41,No,No phone service,DSL,Month-to-month,No,Electronic check,44.97,1843.77,No
C00422,Female,0,Yes,Yes,43,No,No,DSL,Two year,Yes,Bank transfer,46.32,1991.76,Yes
C00423,Female,0,Yes,No,13,No,No phone service,DSL,Two year,Yes,Mailed check,20.07,260.91,No
C00424,Male,0,Yes,Yes,1,Yes,No,DSL,One year,No,Credit card,107.07,107.07,Yes
C00425,Female,0,No,No,36,No,No,DSL,One year,Yes,Credit card,99.26,3573.36,Yes
C00426,Male,0,No,Yes,68,No,No phone service,DSL,Two year,Yes,Credit card,82.73,5625.64,Yes
C00427,Male,0,Yes,Yes,37,Yes,Yes,Fiber optic,Month-to-month,Yes,Bank transfer,95.03,3516.11,Yes
C00428,Female,1,Yes,Yes,40,Yes,Yes,No,Two year,Yes,Electronic check,35.2,1408.0,No
C00429,Male,1,No,No,61,No,Yes,Fiber optic,Month-to-month,Yes,Bank transfer,65.83,4015.63,No
C00430,Female,0,Yes,Yes,59,Yes,Yes,DSL,Month-to-month,No,Bank transfer,55.12,3252.08,No
C00431,Male,0,Yes,No,13,No,Yes,DSL,One year,No,Mailed check,29.38,381.94,No
C00432,Female,1,Yes,No,1,Yes,No,No,Month-to-month,No,Mailed check,68.61,68.61,Yes
C00433,Male,0,No,Yes,69,Yes,Yes,Fiber optic,Month-to-month,No,Mailed check,112.07,7732.83,No
C00434,Female,0,No,Yes,16,No,No,No,Two year,Yes,Electronic check,24.01,384.16,Yes
C00435,Female,1,No,Yes,27,Yes,No,Fiber optic,One year,Yes,Electronic check,49.15,1327.05,No
C00436,Female,0,No,No,65,Yes,No,DSL,Month-to-month,No,Mailed check,40.75,2648.75,No
C00437,Female,1,No,Yes,34,Yes,No phone service,No,Month-to-month,Yes,Mailed check,43.81,1489.54,No
C00438,Female,0,Yes,No,4,Yes,No phone service,No,One year,Yes,Electronic check,110.84,443.36,Yes
C00439,Male,1,No,No,64,Yes,No,DSL,Two year,No,Credit card,66.81,4275.84,Yes
C00440,Male,1,Yes,Yes,39,Yes,No phone service,No,One year,Yes,Electronic check,66.63,2598.5699999999997,Yes
C00441,Male,1,Yes,Yes,55,No,Yes,Fiber optic,One year,No,Electronic check,96.06,5283.3,Yes
C00442,Female,0,No,No,35,No,Yes,Fiber optic,Month-to-month,No,Electronic check,35.45,1240.75,No
C00443,Male,1,No,No,44,Yes,No,Fiber optic,Month-to-month,Yes,Mailed check,68.73,3024.1200000000003,Yes
C00444,Female,0,Yes,No,22,No,Yes,Fiber optic,Two year,Yes,Credit card,63.0,1386.0,Yes
C00445,Female,0,Yes,Yes,46,No,No,DSL,Month-to-month,No,Electronic check,79.69,3665.74,No
C00446,Male,0,Yes,No,30,No,No,No,Month-to-month,No,Mailed check,119.96,3598.7999999999997,No
C00447,Male,0,No,Yes,10,Yes,Yes,Fiber optic,One year,Yes,Bank transfer,96.94,969.4,Yes
C00448,Female,1,No,No,9,No,No phone service,DSL,Month-to-month,No,Bank transfer,59.79,538.11,No
C00449,Male,1,No,No,66,Yes,Yes,No,Two year,No,Electronic check,102.76,6782.160000000001,Yes
C00450,Female,0,No,Yes,13,No,Yes,No,One year,No,Bank transfer,37.07,481.91,No
C00451,Female,0,No,No,9,Yes,No,DSL,Two year,Yes,Credit card,23.05,207.45000000000002,Yes
C00452,Female,1,Yes,Yes,0,Yes,No,DSL,One year,No,Bank transfer,40.44,0.0,Yes
C00453,Female,0,No,Yes,4,No,No,Fiber optic,Month-to-month,Yes,Bank transfer,54.04,216.16,Yes
C00454,Female,1,Yes,No,19,No,No,No,One year,No,Credit card,71.06,1350.14,Yes
C00455,Male,0,Yes,Yes,7,Yes,No phone service,No,One year,Yes,Electronic check,81.51,570.57,Yes
C00456,Male,0,Yes,Yes,42,No,No phone service,DSL,Month-to-month,No,Electronic check,111.06,4664.52,No
C00457,Female,1,No,No,0,No,No phone service,No,Month-to-month,Yes,Credit card,70.99,0.0,Yes
C00458,Female,0,No,Yes,56,No,No,Fiber optic,Two year,Yes,Credit card,70.13,3927.2799999999997,Yes
C00459,Male,1,No,Yes,63,Yes,No,No,Two year,Yes,Credit card,25.02,1576.26,Yes
C00460,Male,0,Yes,Yes,27,Yes,No,DSL,Month-to-month,No,Bank transfer,23.49,634.2299999999999,Yes
C00461,Female,0,Yes,No,36,No,No phone service,DSL,Month-to-month,No,Credit card,75.12,2704.32,Yes
C00462,Male,0,Yes,Yes,46,No,No,Fiber optic,Month-to-month,No,Mailed check,63.82,2935.72,No
C00463,Female,1,Yes,No,36,No,Yes,Fiber optic,One year,Yes,Bank transfer,103.92,3741.12,No
C00464,Male,0,Yes,No,48,Yes,Yes,No,One year,No,Electronic check,36.07,1731.3600000000001,Yes
C00465,Female,0,Yes,Yes,43,Yes,No,No,One year,Yes,Electronic check,22.5,967.5,No
C00466,Male,0,No,Yes,55,No,Yes,DSL,Month-to-month,No,Electronic check,64.9,3569.5000000000005,Yes
C00467,Female,0,No,Yes,27,No,Yes,Fiber optic,Two year,Yes,Bank transfer,43.75,1181.25,No
C00468,Male,1,No,No,5,No,No phone service,Fiber optic,Month-to-month,Yes,Mailed check,24.96,124.80000000000001,No
C00469,Male,1,No,Yes,60,No,No,Fiber optic,One year,Yes,Credit card,92.46,5547.599999999999,Yes
C00470,Female,0,Yes,Yes,19,No,No,No,One year,No,Credit card,31.16,592.04,No
C00471,Male,1,Yes,Yes,1,No,No phone service,Fiber optic,Month-to-month,No,Electronic check,80.83,80.83,No
C00472,Female,0,No,Yes,36,Yes,Yes,DSL,Month-to-month,No,Electronic check,48.1,1731.6000000000001,Yes
C00473,Male,0,Yes,Yes,19,No,Yes,DSL,One year,Yes,Bank transfer,37.35,709.65,Yes
C00474,Female,0,No,No,25,Yes,No,No,One year,Yes,Mailed check,57.98,1449.5,No
C00475,Male,1,No,No,28,No,Yes,No,One year,No,Credit card,100.14,2803.92,No
C00476,Female,1,No,Yes,0,No,No phone service,Fiber optic,Month-to-month,No,Bank transfer,59.21,0.0,No
C00477,Male,1,Yes,Yes,34,Yes,No phone service,No,One year,No,Credit card,95.08,3232.72,Yes
C00478,Female,1,No,Yes,69,Yes,No,DSL,One year,Yes,Electronic check,32.55,2245.95,No
C00479,Male,1,No,Yes,58,Yes,No phone service,Fiber optic,Two year,Yes,Credit card,97.28,5642.24,No
C00480,Female,1,No,No,68,Yes,No phone service,DSL,Month-to-month,Yes,Mailed check,43.69,2970.92,No
C00481,Female,1,Yes,Yes,32,No,No,Fiber optic,Two year,Yes,Mailed check,87.74,2807.68,Yes
C00482,Female,1,Yes,No,50,Yes,No phone service,No,Two year,Yes,Electronic check,76.58,3829.0,Yes
C00483,Male,1,No,No,11,No,No phone service,Fiber optic,One year,No,Mailed check,112.91,1242.01,Yes
C00484,Female,0,Yes,Yes,19,Yes,No phone service,Fiber optic,Month-to-month,Yes,Mailed check,58.73,1115.87,Yes
C00485,Male,1,Yes,No,52,No,Yes,DSL,One year,Yes,Bank transfer,26.62,1384.24,No
C00486,Female,1,Yes,No,42,No,No,DSL,Month-to-month,Yes,Credit card,21.92,920.6400000000001,Yes
C00487,Male,1,Yes,No,49,No,No,Fiber optic,Two year,Yes,Electronic check,102.69,5031.8099999999995,No
C00488,Female,1,Yes,No,28,No,No,No,Month-to-month,Yes,Electronic check,72.47,2029.1599999999999,No
C00489,Male,1,Yes,Yes,56,No,Yes,No,One year,No,Electronic check,97.52,5461.12,No
C00490,Male,1,Yes,Yes,38,No,Yes,DSL,One year,Yes,Electronic check,43.44,1650.7199999999998,No
C00491,Female,1,Yes,No,55,Yes,No,No,One year,Yes,Electronic check,54.51,2998.0499999999997,Yes
C00492,Male,1,Yes,Yes,42,No,Yes,DSL,Month-to-month,Yes,Mailed check,23.01,966.4200000000001,Yes
C00493,Male,1,Yes,Yes,49,Yes,No,No,Two year,No,Bank transfer,116.15,5691.35,Yes
C00494,Female,1,No,Yes,22,Yes,Yes,Fiber optic,Two year,No,Electronic check,86.79,1909.38,Yes
C00495,Male,1,No,Yes,43,No,No phone service,DSL,Month-to-month,No,Bank transfer,113.32,4872.759999999999,Yes
C00496,Male,0,Yes,Yes,37,Yes,No phone service,DSL,One year,Yes,Bank transfer,46.55,1722.35,No
C00497,Male,0,No,No,22,No,No,Fiber optic,Two year,No,Mailed check,81.15,1785.3000000000002,Yes
C00498,Female,1,No,Yes,44,Yes,Yes,DSL,One year,Yes,Electronic check,87.85,3865.3999999999996,Yes
C00499,Male,1,Yes,Yes,51,No,Yes,No,Month-to-month,Yes,Mailed check,51.75,2639.25,Yes
C00500,Female,0,Yes,Yes,49,Yes,No phone service,No,One year,No,Electronic check,104.81,5135.6900000000005,Yes
